{"cameraMode":{"drawMode":0,"name":"Shaded","section":"Shading Mode"},"sceneLighting":false,"audioPlay":false,"sceneViewState":{"showFog":true,"showMaterialUpdate":false,"showSkybox":true,"showFlares":true,"showImageEffects":true,"showParticleSystems":true},"in2DMode":false,"pivot":{"x":-0.348633348941803,"y":2.5521254539489748,"z":-1.5147819519042969},"rotation":{"x":0.36679452657699587,"y":0.20402203500270844,"z":-0.08279301226139069,"w":0.9038706421852112},"size":2.301024913787842,"orthographic":false}