{"cameraMode":{"drawMode":0,"name":"Shaded","section":"Shading Mode"},"sceneLighting":false,"audioPlay":false,"sceneViewState":{"showFog":true,"showMaterialUpdate":false,"showSkybox":true,"showFlares":true,"showImageEffects":true,"showParticleSystems":true},"in2DMode":false,"pivot":{"x":17.858234405517579,"y":14.988551139831543,"z":55.65678024291992},"rotation":{"x":0.08836612850427628,"y":-0.8981523513793945,"z":0.21153753995895387,"w":0.37518757581710818},"size":4.429409980773926,"orthographic":false}